"V1","location_name","date","allbed_mean","allbed_lower","allbed_upper","ICUbed_mean","ICUbed_lower","ICUbed_upper","InvVen_mean","InvVen_lower","InvVen_upper","deaths_mean","deaths_lower","deaths_upper","admis_mean","admis_lower","admis_upper","newICU_mean","newICU_lower","newICU_upper","totdea_mean","totdea_lower","totdea_upper","bedover_mean","bedover_lower","bedover_upper","icuover_mean","icuover_lower","icuover_upper","deaths_mean_smoothed","deaths_lower_smoothed","deaths_upper_smoothed","totdea_mean_smoothed","totdea_lower_smoothed","totdea_upper_smoothed","mobility_data_type","mobility_composite","total_tests_data_type","total_tests","confirmed_infections","est_infections_mean","est_infections_lower","est_infections_upper"

20320,"New York","2019-12-18",0,0,0,0,0,0,0,0,0,0,0,0,0,0,0,0,0,0,0,0,0,0,0,0,0,0,0,,,,,,,,,,,,0,"0","0"
20321,"New York","2019-12-19",0,0,0,0,0,0,0,0,0,0,0,0,0,0,0,0,0,0,0,0,0,0,0,0,0,0,0,,,,,,,,,,,,0,"0","0"
20322,"New York","2019-12-20",0,0,0,0,0,0,0,0,0,0,0,0,0,0,0,0,0,0,0,0,0,0,0,0,0,0,0,,,,,,,,,,,,0,"0","0"
20323,"New York","2019-12-21",0,0,0,0,0,0,0,0,0,0,0,0,0,0,0,0,0,0,0,0,0,0,0,0,0,0,0,,,,,,,,,,,,0,"0","0"
20324,"New York","2019-12-22",0,0,0,0,0,0,0,0,0,0,0,0,0,0,0,0,0,0,0,0,0,0,0,0,0,0,0,,,,,,,,,,,,0,"0","0"
20325,"New York","2019-12-23",0,0,0,0,0,0,0,0,0,0,0,0,0,0,0,0,0,0,0,0,0,0,0,0,0,0,0,,,,,,,,,,,,0,"0","0"
20326,"New York","2019-12-24",0,0,0,0,0,0,0,0,0,0,0,0,0,0,0,0,0,0,0,0,0,0,0,0,0,0,0,,,,,,,,,,,,0,"0","0"
20327,"New York","2019-12-25",0,0,0,0,0,0,0,0,0,0,0,0,0,0,0,0,0,0,0,0,0,0,0,0,0,0,0,,,,,,,,,,,,0,"0","0"
20328,"New York","2019-12-26",0,0,0,0,0,0,0,0,0,0,0,0,0,0,0,0,0,0,0,0,0,0,0,0,0,0,0,,,,,,,,,,,,0,"0","0"
20329,"New York","2019-12-27",0,0,0,0,0,0,0,0,0,0,0,0,0,0,0,0,0,0,0,0,0,0,0,0,0,0,0,,,,,,,,,,,,0,"0","0"
20330,"New York","2019-12-28",0,0,0,0,0,0,0,0,0,0,0,0,0,0,0,0,0,0,0,0,0,0,0,0,0,0,0,,,,,,,,,,,,0,"0","0"
20331,"New York","2019-12-29",0,0,0,0,0,0,0,0,0,0,0,0,0,0,0,0,0,0,0,0,0,0,0,0,0,0,0,,,,,,,,,,,,0,"0","0"
20332,"New York","2019-12-30",0,0,0,0,0,0,0,0,0,0,0,0,0,0,0,0,0,0,0,0,0,0,0,0,0,0,0,,,,,,,,,,,,0,"0","0"
20333,"New York","2019-12-31",0,0,0,0,0,0,0,0,0,0,0,0,0,0,0,0,0,0,0,0,0,0,0,0,0,0,0,,,,,,,,,,,,0,"0","0"
20334,"New York","2020-01-01",0,0,0,0,0,0,0,0,0,0,0,0,0,0,0,0,0,0,0,0,0,0,0,0,0,0,0,,,,,,,,,,,,0,"0","0"
20335,"New York","2020-01-02",0,0,0,0,0,0,0,0,0,0,0,0,0,0,0,0,0,0,0,0,0,0,0,0,0,0,0,,,,,,,,,,,,0,"0","0"
20336,"New York","2020-01-03",0,0,0,0,0,0,0,0,0,0,0,0,0,0,0,0,0,0,0,0,0,0,0,0,0,0,0,,,,,,,,,,,,0,"0","0"
20337,"New York","2020-01-04",0,0,0,0,0,0,0,0,0,0,0,0,0,0,0,0,0,0,0,0,0,0,0,0,0,0,0,,,,,,,,,,,,0,"0","0"
20338,"New York","2020-01-05",0,0,0,0,0,0,0,0,0,0,0,0,0,0,0,0,0,0,0,0,0,0,0,0,0,0,0,,,,,,,,,,,,0,"0","0"
20339,"New York","2020-01-06",0,0,0,0,0,0,0,0,0,0,0,0,0,0,0,0,0,0,0,0,0,0,0,0,0,0,0,,,,,,,,,,,,0,"0","0"
20340,"New York","2020-01-07",0,0,0,0,0,0,0,0,0,0,0,0,0,0,0,0,0,0,0,0,0,0,0,0,0,0,0,,,,,,,,,,,,0,"0","0"
20341,"New York","2020-01-08",0,0,0,0,0,0,0,0,0,0,0,0,0,0,0,0,0,0,0,0,0,0,0,0,0,0,0,,,,,,,,,,,,0,"0","0"
20342,"New York","2020-01-09",0,0,0,0,0,0,0,0,0,0,0,0,0,0,0,0,0,0,0,0,0,0,0,0,0,0,0,,,,,,,,,,,,0,"0","0"
20343,"New York","2020-01-10",0,0,0,0,0,0,0,0,0,0,0,0,0,0,0,0,0,0,0,0,0,0,0,0,0,0,0,,,,,,,,,,,,0,"0","0"
20344,"New York","2020-01-11",0,0,0,0,0,0,0,0,0,0,0,0,0,0,0,0,0,0,0,0,0,0,0,0,0,0,0,,,,,,,,,,,,0,"0","0"
20345,"New York","2020-01-12",0,0,0,0,0,0,0,0,0,0,0,0,0,0,0,0,0,0,0,0,0,0,0,0,0,0,0,,,,,,,,,,,,0,"0","0"
20346,"New York","2020-01-13",0,0,0,0,0,0,0,0,0,0,0,0,0,0,0,0,0,0,0,0,0,0,0,0,0,0,0,,,,,,,,,,,,0,"0","0"
20347,"New York","2020-01-14",0,0,0,0,0,0,0,0,0,0,0,0,0,0,0,0,0,0,0,0,0,0,0,0,0,0,0,,,,,,,,,,,,0,"0","0"
20348,"New York","2020-01-15",0,0,0,0,0,0,0,0,0,0,0,0,0,0,0,0,0,0,0,0,0,0,0,0,0,0,0,,,,,,,,,,,,0,"0","0"
20349,"New York","2020-01-16",0,0,0,0,0,0,0,0,0,0,0,0,0,0,0,0,0,0,0,0,0,0,0,0,0,0,0,,,,,,,,,,,,0,"0","0"
20350,"New York","2020-01-17",0,0,0,0,0,0,0,0,0,0,0,0,0,0,0,0,0,0,0,0,0,0,0,0,0,0,0,,,,,,,,,,,,0,"0","0"
20351,"New York","2020-01-18",0,0,0,0,0,0,0,0,0,0,0,0,0,0,0,0,0,0,0,0,0,0,0,0,0,0,0,,,,,,,,,,,,0,"0","0"
20352,"New York","2020-01-19",0,0,0,0,0,0,0,0,0,0,0,0,0,0,0,0,0,0,0,0,0,0,0,0,0,0,0,,,,,,,,,,,,0,"0","0"
20353,"New York","2020-01-20",0,0,0,0,0,0,0,0,0,0,0,0,0,0,0,0,0,0,0,0,0,0,0,0,0,0,0,,,,,,,,,,,,0,"0","0"
20354,"New York","2020-01-21",0,0,0,0,0,0,0,0,0,0,0,0,0,0,0,0,0,0,0,0,0,0,0,0,0,0,0,,,,,,,,,,,,0,"0","0"
20355,"New York","2020-01-22",0,0,0,0,0,0,0,0,0,0,0,0,0,0,0,0,0,0,0,0,0,0,0,0,0,0,0,,,,,,,,,,,,0,"0","0"
20356,"New York","2020-01-23",0,0,0,0,0,0,0,0,0,0,0,0,0,0,0,0,0,0,0,0,0,0,0,0,0,0,0,,,,,,,,,,,,0,"0","0"
20357,"New York","2020-01-24",0,0,0,0,0,0,0,0,0,0,0,0,0,0,0,0,0,0,0,0,0,0,0,0,0,0,0,,,,,,,,,,,,0,"0","0"
20358,"New York","2020-01-25",0,0,0,0,0,0,0,0,0,0,0,0,0,0,0,0,0,0,0,0,0,0,0,0,0,0,0,,,,,,,,,,,,0,"0","0"
20359,"New York","2020-01-26",0,0,0,0,0,0,0,0,0,0,0,0,0,0,0,0,0,0,0,0,0,0,0,0,0,0,0,,,,,,,,,,,,0,"0","0"
20360,"New York","2020-01-27",0,0,0,0,0,0,0,0,0,0,0,0,0,0,0,0,0,0,0,0,0,0,0,0,0,0,0,,,,,,,,,,,,0,"0","0"
20361,"New York","2020-01-28",0,0,0,0,0,0,0,0,0,0,0,0,0,0,0,0,0,0,0,0,0,0,0,0,0,0,0,,,,,,,,,,,,0,"0","0"
20362,"New York","2020-01-29",0,0,0,0,0,0,0,0,0,0,0,0,0,0,0,0,0,0,0,0,0,0,0,0,0,0,0,,,,,,,,,,,,0,"0","0"
20363,"New York","2020-01-30",0,0,0,0,0,0,0,0,0,0,0,0,0,0,0,0,0,0,0,0,0,0,0,0,0,0,0,,,,,,,,,,,,0,"0","0"
20364,"New York","2020-01-31",0,0,0,0,0,0,0,0,0,0,0,0,0,0,0,0,0,0,0,0,0,0,0,0,0,0,0,,,,,,,,,,,,0,"0","0"
20365,"New York","2020-02-01",0,0,0,0,0,0,0,0,0,0,0,0,0,0,0,0,0,0,0,0,0,0,0,0,0,0,0,,,,,,,,,,,,0,"0","0"
20366,"New York","2020-02-02",0,0,0,0,0,0,0,0,0,0,0,0,0,0,0,0,0,0,0,0,0,0,0,0,0,0,0,,,,,,,,,,,,0,"0","0"
20367,"New York","2020-02-03",0,0,0,0,0,0,0,0,0,0,0,0,0,0,0,0,0,0,0,0,0,0,0,0,0,0,0,,,,,,,,,,,,0,"0","0"
20368,"New York","2020-02-04",0,0,0,0,0,0,0,0,0,0,0,0,0,0,0,0,0,0,0,0,0,0,0,0,0,0,0,,,,,,,,,,,,0,"0","0"
20369,"New York","2020-02-05",0,0,0,0,0,0,0,0,0,0,0,0,0,0,0,0,0,0,0,0,0,0,0,0,0,0,0,,,,,,,,,,,,0,"0","0"
20370,"New York","2020-02-06",0,0,0,0,0,0,0,0,0,0,0,0,0,0,0,0,0,0,0,0,0,0,0,0,0,0,0,,,,,,,,,,,,0,"0","0"
20371,"New York","2020-02-07",0,0,0,0,0,0,0,0,0,0,0,0,0,0,0,0,0,0,0,0,0,0,0,0,0,0,0,,,,,,,,,,,,0,"0","0"
20372,"New York","2020-02-08",0,0,0,0,0,0,0,0,0,0,0,0,0,0,0,0,0,0,0,0,0,0,0,0,0,0,0,,,,,,,"observed",-6.274418,,,,0,"0","0"
20373,"New York","2020-02-09",0,0,0,0,0,0,0,0,0,0,0,0,0,0,0,0,0,0,0,0,0,0,0,0,0,0,0,,,,,,,"observed",-5.431115,,,,0,"0","0"
20374,"New York","2020-02-10",0,0,0,0,0,0,0,0,0,0,0,0,0,0,0,0,0,0,0,0,0,0,0,0,0,0,0,,,,,,,"observed",-4.3366,,,,2.18992,"0","11.88908"
20375,"New York","2020-02-11",0,0,0,0,0,0,0,0,0,0,0,0,0,0,0,0,0,0,0,0,0,0,0,0,0,0,0,,,,,,,"observed",-3.175102,,,,1.979786,"0","11.96449"
20376,"New York","2020-02-12",0,0,0,0,0,0,0,0,0,0,0,0,0,0,0,0,0,0,0,0,0,0,0,0,0,0,0,,,,,,,"observed",-2.133818,,,,2.347101,"0","11.89783"
20377,"New York","2020-02-13",0,0,0,0,0,0,0,0,0,0,0,0,0,0,0,0,0,0,0,0,0,0,0,0,0,0,0,,,,,,,"observed",-1.362968,,,,2.332713,"0","11.88484"
20378,"New York","2020-02-14",0,0,0,0,0,0,0,0,0,0,0,0,0,0,0,0,0,0,0,0,0,0,0,0,0,0,0,,,,,,,"observed",-0.9458678,,,,2.2685,"6.708703e-05","11.90288"
20379,"New York","2020-02-15",0,0,0,0,0,0,0,0,0,0,0,0,0,0,0,0,0,0,0,0,0,0,0,0,0,0,0,,,,,,,"observed",-0.8829035,,,,0.008850681,"6.72824e-05","0.03988692"
20380,"New York","2020-02-16",0,0,0,0,0,0,0,0,0,0,0,0,0,0,0,0,0,0,0,0,0,0,0,0,0,0,0,,,,,,,"observed",-1.103269,,,,0.0372723,"6.728193e-05","0.1579327"
20381,"New York","2020-02-17",0,0,0,0,0,0,0,0,0,0,0,0,0,0,0,0,0,0,0,0,0,0,0,0,0,0,0,,,,,,,"observed",-1.491148,,,,0.1258707,"0.0006055568","0.4896236"
20382,"New York","2020-02-18",0,0,0,0,0,0,0,0,0,0,0,0,0,0,0,0,0,0,0,0,0,0,0,0,0,0,0,,,,,,,"observed",-1.926,,,,0.3578724,"0.006232222","1.281252"
20383,"New York","2020-02-19",0,0,0,0,0,0,0,0,0,0,0,0,0,0,0,0,0,0,0,0,0,0,0,0,0,0,0,,,,,,,"observed",-2.330701,,,,0.9076491,"0.03526697","3.035195"
20384,"New York","2020-02-20",0,0,0,0,0,0,0,0,0,0,0,0,0,0,0,0,0,0,0,0,0,0,0,0,0,0,0,,,,,,,"observed",-2.66829,,,,2.16663,"0.13964","6.960849"
20385,"New York","2020-02-21",0,0,0,0,0,0,0,0,0,0,0,0,0,0,0,0,0,0,0,0,0,0,0,0,0,0,0,,,,,,,"observed",-2.921965,,,,5.107379,"0.4329124","16.31134"
20386,"New York","2020-02-22",0,0,0,0,0,0,0,0,0,0,0,0,0,0,0,0,0,0,0,0,0,0,0,0,0,0,0,,,,,,,"observed",-3.082989,,,,12.28662,"1.13285","39.94033"
20387,"New York","2020-02-23",0,0,0,0,0,0,0,0,0,0,0,0,0,0,0,0,0,0,0,0,0,0,0,0,0,0,0,,,,,,,"observed",-3.144119,,,,30.27188,"2.68364","100.205"
20388,"New York","2020-02-24",0,0,0,0,0,0,0,0,0,0,0,0,0,0,0,0,0,0,0,0,0,0,0,0,0,0,0,,,,,,,"observed",-3.100788,,,,74.02718,"6.154601","243.9298"
20389,"New York","2020-02-25",0,0,0,0,0,0,0,0,0,0,0,0,0,0,0,0,0,0,0,0,0,0,0,0,0,0,0,,,,,,,"observed",-2.947886,,,,170.8616,"14.42207","540.2911"
20390,"New York","2020-02-26",0,0,0,0,0,0,0,0,0,0,0,0,0,0,0,0,0,0,0,0,0,0,0,0,0,0,0,,,,,,,"observed",-2.682562,,,,356.9859,"35.3142","1040.185"
20391,"New York","2020-02-27",0,0,0,0,0,0,0,0,0,0,0,0,0,0,0,0,0,0,0,0,0,0,0,0,0,0,0,,,,,,,"observed",-2.307639,,,,664.3243,"88.59861","1723.771"
20392,"New York","2020-02-28",0,0,0,0,0,0,0,0,0,0,0,0,0,0,0,0,0,0,0,0,0,0,0,0,0,0,0,,,,,,,"observed",-1.837508,,,,1109.355,"215.6764","2521.752"
20393,"New York","2020-02-29",0,0,0,0,0,0,0,0,0,0,0,0,0,0,0,0,0,0,0,0,0,0,0,0,0,0,0,,,,,,,"observed",-1.313586,,,,1694.228,"477.7113","3403.889"
20394,"New York","2020-03-01",0,0,0,0,0,0,0,0,0,0,0,0,0,0,0,0,0,0,0,0,0,0,0,0,0,0,0,0,0,0,0,0,0,"observed",-0.7959653,"observed",0,1.015498,2415.652,"919.7044","4422.369"
20395,"New York","2020-03-02",0,0,0,0,0,0,0,0,0,0,0,0,0,0,0,0,0,0,0,0,0,0,0,0,0,0,0,0,0,0,0,0,0,"observed",-0.331749,"observed",14.47812,1.118692,3279.646,"1524.114","5695.315"
20396,"New York","2020-03-03",0,0,0,0,0,0,0,0,0,0,0,0,0,0,0,0,0,0,0,0,0,0,0,0,0,0,0,0,0,0,0,0,0,"observed",0.03850239,"observed",22.78566,2.376289,4323.1,"2229.668","7359.51"
20397,"New York","2020-03-04",0,0,0,0,0,0,0,0,0,0,0,0,0,0,0,0,0,0,0,0,0,0,0,0,0,0,0,0,0,0,0,0,0,"observed",0.2671626,"observed",34.21091,4.816965,5629.395,"3009.629","9585.179"
20398,"New York","2020-03-05",0,0,0,0,0,0,0,0,0,0,0,0,0,0,0,0,0,0,0,0,0,0,0,0,0,0,0,0,0,0,0,0,0,"observed",0.2934913,"observed",71.66485,9.088342,7323.393,"3910.144","12577.65"
20399,"New York","2020-03-06",0,0,0,0,0,0,0,0,0,0,0,0,0,0,0,0,0,0,0,0,0,0,0,0,0,0,0,0,0,0,0,0,0,"observed",0.04455496,"observed",125.1028,15.68043,9551.928,"5030.446","16495.67"
20400,"New York","2020-03-07",0,0,0,0,0,0,0,0,0,0,0,0,0,0,0,0,0,0,0,0,0,0,0,0,0,0,0,0,0,0,0,0,0,"observed",-0.5606776,"observed",181.0538,24.61301,12461.32,"6500.364","21442.53"
20401,"New York","2020-03-08",0,0,0,0,0,0,0,0,0,0,0,0,0,0,0,0,0,0,0,0,0,0,0,0,0,0,0,0,0,0,0,0,0,"observed",-1.605841,"observed",126.0045,35.53252,16176.23,"8474.965","27469.52"
20402,"New York","2020-03-09",2.934,1,11,1,1,1,1,1,1,0,0,0,2.934,1,11,1,1,1,0,0,0,0,0,0,0,0,0,0,0,0,0,0,0,"observed",-3.164046,"observed",66.80723,48.41433,20781.59,"11120.83","34484.65"
20403,"New York","2020-03-10",17.929,10,32,6,6,6,6,6,6,0,0,0,14.995,8,28,5,5,5,0,0,0,0,0,0,0,0,0,0,0,0,0,0,0,"observed",-5.28742,"observed",129.9899,64.37651,26312.64,"14585.04","42432.94"
20404,"New York","2020-03-11",33.113,21,52.5,11,11,11,11,11,11,0,0,0,15.184,8,28.5125,5,5,5,0,0,0,0,0,0,0,0,0,0,0,0,0,0,0,"observed",-8.001742,"observed",375.1979,86.05536,32750.83,"18958.92","51197.49"
20405,"New York","2020-03-12",60.15,43,84.5125,20.0445,20,20.5,20.007,20,20,0,0,0,27.037,17,44,9.0445,9,9.5,0,0,0,0,0,0,0,0,0,0,0,0,0,0,0,"observed",-11.30164,"observed",1765.654,117.7978,40017.09,"24262.74","60577.23"
20406,"New York","2020-03-13",105.758,81.5,137.5,35.2755,35,36.5,35.0315,35,35.5,0,0,0,45.608,31.4875,67,15.231,15,16,0,0,0,0,0,0,0,0,0,0,0,0,0,0,0,"observed",-15.1438,"observed",1797.137,166.5463,47954.65,"30458.93","70315.03"
20407,"New York","2020-03-14",172.2815,139.5,212,57.495,57,59,57.062,57,57.5,3,3,3,66.5235,48.5,90.0125,22.2195,22,23,3,3,3,0,0,0,0,0,0,1,1,1,1,1,1,"observed",-19.44433,"observed",1442.347,244.0808,56313.45,"37479.33","79735.02"
20408,"New York","2020-03-15",262.4825,219.975,308,86.8885,86,88.5,86.1115,86,86.5,5,5,5,91.201,70,121.5,30.3935,30,31.5,8,8,8,0,0,0,0,0,0,5,5,5,6,6,6,"observed",-24.08318,"observed",1001.104,370.4903,64760.45,"45220.72","88773.74"
20409,"New York","2020-03-16",373.691,323.4875,427.5125,121.6245,120,123.5,120.21,120,121,9,9,9,118.098,91,150.0125,39.736,39,41,17,17,17,0,0,0,0,0,0,5,5,5,11,11,11,"observed",-28.91157,"observed",1593.614,577.1891,72934.04,"53488.85","96410.44"
20410,"New York","2020-03-17",517.3405,458.4875,584.0375,169.692,167.5,172.0125,167.34,167,168.0125,7,7,7,158.4135,126.4875,195,53.0675,52,55,24,24,24,0,0,0,0,0,0,9,9,9,20,20,20,"observed",-33.76712,"observed",3102.659,904.8557,80522.98,"61928.94","104076.3"
20411,"New York","2020-03-18",702.094,631.4875,780.525,229.144,226.5,232.5,225.538,225,226.5,17,17,17,203.718,171,246,68.452,67,70.5,41,41,41,0,0,0,0,0,0,15,15,15,35,35,35,"observed",-38.49421,"observed",6192.188,1387.851,87326.13,"70050.07","109579"
20412,"New York","2020-03-19",935.988,859.4375,1024.5125,303.9845,300.5,308,298.787,298,300,24,24,24,266.5375,226.5,314.5,89.8405,88,92,65,65,65,0,0,0,0,0,0,22,22,22,57,57,57,"observed",-42.95951,"observed",8321.638,2020.892,93252.99,"77391.25","114748.9"
20413,"New York","2020-03-20",1233.536,1145.9625,1330.5125,399.4795,395.5,404.0125,392.1155,391,393.5,32,32,32,349.421,307,405.5125,117.495,115.5,120.0125,97,97,97,0,0,0,0,0,0,30,30,30,87,87,87,"observed",-47.05724,"observed",10047.7,2729.231,98269.42,"83738.49","119058.8"
20414,"New York","2020-03-21",1612.9995,1509.5,1733.0125,521.6595,517,527,511.5325,510,513.5,40,40,40,452.9195,397.5,510,152.18,150,155,137,137,137,0,0,0,0,0,0,39.001,39,39,126.001,126,126,"observed",-50.7106,"observed",12819.23,3392.841,102325.5,"89175.41","123011.5"
20415,"New York","2020-03-22",2089.181,1969.5,2214.5,676.853,671,683.0125,663.0915,661.5,665.5,39,39,39,574.9315,513,641,194.1945,191.5,197.0125,176,176,176,0,0,0,0,0,0,52,52,52,178.001,178,178,"observed",-53.8729,"observed",15193.78,3934.836,105319.6,"93889.29","124222.7"
20416,"New York","2020-03-23",2683.617,2549.9625,2818.5125,869.2275,862.5,876,850.7945,848.9875,853,42,42,42,723.6925,652.9875,797.0125,244.3745,241.5,248,218,218,218,0,0,0,151.2275,144.5,158,67,67,67,245.001,245,245,"observed",-56.52459,"observed",15182.48,4387.176,107119.8,"97892.05","126534.6"
20417,"New York","2020-03-24",3407.614,3251.475,3550,1104.3075,1097,1112,1079.74,1077.5,1082.5,97,97,97,894.9155,818.9875,973.0125,302.08,298.5,306,315,315,315,0,0,0,386.3075,379,394,88,88,88,333.001,333,333,"observed",-58.67405,"observed",13884.24,4848.972,107625,"99430.04","127537.9"
20418,"New York","2020-03-25",4271.65,4102.95,4448.525,1383.2305,1374.9875,1392.5,1350.891,1348,1354.0125,110,110,110,1085.574,1002.5,1172.5125,366.9675,363,371.5,425,425,425,0,0,0,665.2305,656.9875,674.5,115,115,115,448.001,448,448,"observed",-60.3589,"observed",14344.81,5387.642,106814.3,"96810.44","126694.9"
20419,"New York","2020-03-26",5275.6375,5077.9125,5469.6,1705.264,1695.9875,1715.5125,1663.342,1660,1667,126,126,126,1293.3305,1200.9875,1389.525,437.2645,432.5,442.5,551,551,551,0,0,0,987.264,977.9875,997.5125,149,149,149,597.001,597,597,"observed",-61.63872,"observed",17519.82,5987.267,104760,"92737.51","122943"
20420,"New York","2020-03-27",6412.6935,6193.4125,6634,2069.984,2058.5,2082,2016.1575,2012,2020.5,186,186,186,1515.1025,1411.5,1616.0125,513.9395,508.5,519.5,737,737,737,0,0,0,1351.984,1340.5,1364,190,190,190,787.001,787,787,"observed",-62.58556,"observed",16490.47,6578.341,101608.9,"87936.8","120363.1"
20421,"New York","2020-03-28",7673.326,7428.4875,7905.0125,2472.2835,2460,2486,2404.297,2400,2409,323,323,323,1747.471,1636.4875,1853.05,592.693,587.5,599,1060,1060,1060,0,0,0,1754.2835,1742,1768,239,239,239,1026.001,1026,1026,"observed",-63.27375,"observed",15814.12,7100.711,97570.85,"82809.02","116739.8"
20422,"New York","2020-03-29",9034.826,8774.375,9292.5375,2903.603,2889,2918.5,2818.8115,2814,2824,247,247,247,1976.5065,1867.975,2092.5125,671.0545,664.5,678,1307,1307,1307,0,0,0,2185.603,2171,2200.5,294.999,295,295,1321,1321,1321,"observed",-63.77125,"observed",13312.59,7544.079,92922.5,"77873.82","112795.3"
20423,"New York","2020-03-30",10453.982,10176.45,10721.575,3352.1685,3335.9875,3369,3247.826,3242,3254,358,358,358,2187.815,2070.4875,2313.0125,744.632,738,752,1665,1665,1665,0,0,0,2634.1685,2617.9875,2651,357.998,358,358,1678.998,1679,1679,"observed",-64.13441,"observed",16308.68,7940.047,88006.98,"73568.93","107712"
20424,"New York","2020-03-31",11893.574,11626.5,12204.0125,3804.8775,3786.5,3824.025,3678.2715,3672,3684.5125,471,471,471,2383.7875,2252.975,2519.5125,812.159,804.5,820,2136,2136,2136,0,0,0,3086.8775,3068.5,3106.025,426.001,426,426,2104.999,2105,2105,"observed",-64.40745,"observed",16062.74,8327.029,83192.22,"70073.16","101758"
20425,"New York","2020-04-01",13313.246,13033.4625,13620.0125,4249.757,4229.5,4269.5,4098.092,4092,4105,568,568,568,2556.9505,2427.9375,2696.5,872.721,865.5,880.5,2704,2704,2704,302.246,22.4625,609.0125,3531.757,3511.5,3551.5,500.001,500,500,2605,2605,2605,"observed",-64.62534,"observed",17449,8719.484,78787.4,"67271.35","95824.26"
20426,"New York","2020-04-02",14672.512,14345,14986.6875,4673.172,4651,4695,4494.2955,4487.5,4502.5,487,487,487,2707.277,2576.925,2846.5,925.911,918,934.5,3191,3191,3191,1661.512,1334,1975.6875,3955.172,3933,3977,576.001,576,576,3181.001,3181,3181,"observed",-64.8158,"observed",18289.43,9100.321,74957.46,"64863.34","90717.59"
20427,"New York","2020-04-03",15940.998,15597.975,16277.5125,5065.062,5041.5,5088.5,4856.8355,4849.5,4865,886,886,886,2837.03,2695.4875,2972.5375,971.071,962.5,980,4077,4077,4077,2929.998,2586.975,3266.5125,4347.062,4323.5,4370.5,651,651,651,3832.001,3832,3832,"observed",-64.99902,"observed",20804.91,9433.618,71689.36,"62537.83","85825.66"
20428,"New York","2020-04-04",17069.9685,16728.9,17426.5125,5413.7135,5389.4875,5439,5174.602,5167,5183.5,899,899,899,2925.7415,2793.925,3066.5125,1003.846,994.5,1013.5,4976,4976,4976,4058.9685,3717.9,4415.5125,4695.7135,4671.4875,4721,721.006,721,721,4553.007,4553,4553,"observed",-65.18794,"observed",21022.73,9687.729,68829.5,"60098.31","81875.56"
20429,"New York","2020-04-05",18022.8735,17686.45,18366.0375,5709.523,5684,5735.5,5438.5185,5430,5447.5125,680,680,680,2970.54,2834.5,3109.5375,1022.19,1013,1032.0125,5656,5656,5656,5011.8735,4675.45,5355.0375,4991.523,4966,5017.5,785.008,785,785,5338.015,5338,5338,"observed",-65.38721,"observed",19989.69,9853.992,66166.47,"57480.27","78724.96"
20430,"New York","2020-04-06",18781.1975,18431.5,19151.525,5943.9325,5917.975,5971.5125,5640.5085,5631,5650.5,556,556,556,2978.734,2838.9875,3134.5625,1026.4985,1017.5,1036.5,6212,6212,6212,5770.1975,5420.5,6140.525,5225.9325,5199.975,5253.5125,842.003,842,842,6180.018,6180,6180,"observed",-65.58966,"observed",18809.77,9947.39,63508.55,"54674.82","75739.07"
20431,"New York","2020-04-07",19319.444,18938.4625,19666.5,6109.6455,6081.9875,6139.025,5774.3995,5764.5,5785,1064,1064,1064,2945.138,2802.4625,3115,1016.6855,1007.4875,1026.5,7276,7276,7276,6308.444,5927.4625,6655.5,5391.6455,5363.9875,5421.025,892.009,892,892,7072.027,7072,7073,"observed",-65.77704,"observed",20762.66,9987.077,60724.13,"51658.99","72992.21"
20432,"New York","2020-04-08",19629.11,19279.975,19998.0125,6201.534,6172.9875,6232.525,5835.9945,5825.5,5847,1051,1051,1051,2880.971,2735.45,3025,995.161,985,1005.5,8327,8327,8327,6618.11,6268.975,6987.0125,5483.534,5454.9875,5514.525,934,934,934,8006.027,8006,8007,"observed",-65.92504,"observed",23361.25,9973.827,57746.77,"48416.44","70102.16"
20433,"New York","2020-04-09",19698.4085,19353.9875,20087.0625,6217.1855,6186.5,6250,5823.3575,5812.5,5834.5125,1052,1052,1052,2781.751,2648.5,2919.025,963.59,954.5,974,9379,9379,9379,6687.4085,6342.9875,7076.0625,5499.1855,5468.5,5532,964,964,964,8970.027,8970,8971,"observed",-66.00839,"observed",25935.33,9887.614,54573.74,"45049.58","66960.44"
20434,"New York","2020-04-10",19531.063,19172.45,19928.5,6159.353,6129,6192.5,5740.201,5728.9875,5752.5,883,883,883,2662.265,2522.9625,2797.025,922.8595,913,932.5,10262,10262,10262,6520.063,6161.45,6917.5,5441.353,5411,5474.5,980,980,980,9950.027,9950,9951,"observed",-66.00485,"observed",25227.18,9711.333,51277.26,"41863.66","63281.72"
20435,"New York","2020-04-11",19148.278,18800.475,19547.0125,6035.4765,6004.9875,6068.525,5594.5515,5583,5606,988,988,988,2522.2315,2389.9875,2668.0125,876.178,867,886.5125,11250,11250,11250,6137.278,5789.475,6536.0125,5317.4765,5286.9875,5350.525,981.998,982,982,10932.025,10932,10933,"observed",-65.89881,"observed",23234.1,9458.767,48023.33,"39310.88","59778.32"
20436,"New York","2020-04-12",18587.7485,18230.4375,18974.2625,5856.213,5824,5890,5398.146,5386.5,5409.5,962,962,962,2377.103,2256.9375,2510.05,826.3605,817,836,12212,12212,12212,5576.7485,5219.4375,5963.2625,5138.213,5106,5172,970.991,971,971,11903.016,11903,11904,"observed",-65.68223,"observed",19983.24,9176.952,45066.64,"37785.45","56026.14"
20437,"New York","2020-04-13",17897.8725,17552.4625,18287.1375,5639.3185,5606.9875,5674.5125,5169.06,5158,5181,889,889,889,2245.1955,2127.4875,2371.0125,781.2475,772,791,13101,13101,13101,4886.8725,4541.4625,5276.1375,4921.3185,4888.9875,4956.5125,948.992,949,949,12852.008,12852,12853,"observed",-65.35332,"observed",19293.77,8914.716,42697.29,"37211.08","52130.1"
20438,"New York","2020-04-14",17133.2205,16804.35,17479.0625,5401.15,5368.475,5438.525,4923.222,4912.5,4935.5,1011,1011,1011,2129.3075,2004.5,2258.05,741.5415,732.9875,751,14112,14112,14112,4122.2205,3793.35,4468.0625,4683.15,4650.475,4720.525,916.996,917,917,13769.004,13768,13770,"observed",-64.92055,"observed",21073.22,8683.105,41143.44,"37243.35","48917.7"
20439,"New York","2020-04-15",16345.249,16016.4625,16705.5625,5158.1945,5123.475,5194.5,4677.6195,4667,4689.5,955,955,955,2035.876,1917.5,2167.0375,707.9425,699.5,717.5,15067,15067,15067,3334.249,3005.4625,3694.5625,4440.1945,4405.475,4476.5,876.988,877,877,14645.992,14645,14647,"observed",-64.40657,"observed",23940.04,8443.255,40473.57,"37222.82","47828.41"
20440,"New York","2020-04-16",15577.5525,15261.975,15920.1125,4923.2615,4890.4875,4959.5125,4444.405,4433.5,4456,752,752,752,1954.32,1843.95,2071,679.126,670.5,688,15819,15819,15819,2566.5525,2250.975,2909.1125,4205.2615,4172.4875,4241.5125,830.996,831,831,15476.988,15476,15478,"observed",-63.84691,"observed",24633.09,8134.904,40554.14,"37275.47","47902.62"
20441,"New York","2020-04-17",14851.7685,14527,15185.075,4703.79,4670,4740.0125,4230.5105,4219.5,4243,753,753,753,1876.3815,1771.5,1990,651.3705,643,660.0125,16572,16572,16572,1840.7685,1516,2174.075,3985.79,3952,4022.0125,783.008,783,783,16259.996,16259,16261,"observed",-63.2888,"observed",23493.24,7725.025,41098.29,"37338.46","48626.29"
20442,"New York","2020-04-18",14180.28,13859.4625,14478.05,4501.312,4467,4538.0125,4037.1545,4025.5,4049.5,672,672,672,1793.9335,1687.975,1912.025,622.72,615,631,17244,17244,17244,1169.28,848.4625,1467.05,3783.312,3749,3820.0125,739.989,740,740,16999.985,16999,17001,"observed",-62.78922,"observed",22304.4,7241.335,41846.62,"37919.5","49254.73"
20443,"New York","2020-04-19",13555.641,13228.4625,13856.1,4310.525,4276.9875,4345.0125,3858.3265,3846.5,3870,635,635,635,1706.4035,1601.5,1826.0625,593.7025,586,602.0125,17879,17879,17879,544.641,217.4625,845.1,3592.525,3558.9875,3627.0125,702.002,702,702,17701.987,17701,17703,"observed",-62.40932,"observed",19991.95,6767.923,42226.94,"38858.66","49754.69"
20444,"New York","2020-04-20",12969.9655,12671.975,13274.0125,4127.166,4094.9875,4163,3689.2005,3677.9875,3701,615,615,615,1623.475,1512.4625,1735.5,564.3375,556.5,572.0125,18494,18494,18494,0,0,263.0125,3409.166,3376.9875,3445,670.999,671,671,18372.986,18372,18374,"observed",-62.20404,"observed",17436.31,6406.043,41018.93,"31695.93","49480.84"
20445,"New York","2020-04-21",12410.5025,12105.975,12693.075,3945.774,3914.975,3979.0125,3523.8745,3513,3535,662,662,662,1545.313,1446.9625,1647.525,535.776,528.5,543.5,19156,19156,19156,0,0,0,3227.774,3196.975,3261.0125,643.997,644,644,19016.983,19016,19018,"observed",-62.20266,"observed",17334.53,6222.816,39436.92,"30059.75","48330.05"
20446,"New York","2020-04-22",11859.297,11570.9375,12151.05,3765.6785,3734.5,3797,3361.2825,3350.5,3373,581,581,581,1468.1345,1371.4875,1572.5125,510.4955,503.5,518,19737,19737,19737,0,0,0,3047.6785,3016.5,3079,617.996,618,618,19634.979,19634,19636,"observed",-62.39014,"observed",20235.25,6213.977,37188.42,"28548.27","46987.59"
20447,"New York","2020-04-23",11325.1825,11036.95,11616.025,3591.148,3560.4875,3622.5,3204.5825,3194,3215.5,660,660,660,1407.9995,1302.5,1509.05,489.337,482,497.5,20397,20397,20397,0,0,0,2873.148,2842.4875,2904.5,590.996,591,591,20225.975,20225,20227,"observed",-62.72846,"observed",26500.93,6299.338,34528.34,"26980.27","45859.2"
20448,"New York","2020-04-24",10815.53,10536.875,11103.55,3426.27,3397,3457.0125,3057.871,3048,3068.5,585,585,585,1356.081,1255.975,1453.025,471.3,465,478.5,20982,20982,20982,0,0,0,2708.27,2679,2739.0125,562.997,563,563,20788.972,20788,20790,"observed",-63.17126,"observed",34833.74,6355.511,31840.27,"25502.12","40822.73"
20449,"New York","2020-04-25",10351.431,10080.9125,10639.0125,3278.67,3249.9875,3306.0125,2928.197,2918.5,2938,521,521,521,1320.2295,1227.975,1418.0125,458.7495,452,466,21503,21503,21503,0,0,0,2560.67,2531.9875,2588.0125,534.995,535,535,21323.967,21323,21325,"observed",-63.66754,"observed",35640.39,6273.347,30303.56,"24124.82","39085.73"
20450,"New York","2020-04-26",9927.97,9670.425,10191.1125,3144.243,3116.4875,3171.5125,2810.529,2800.5,2820.5125,456,456,456,1275.044,1178.4875,1377.5125,441.8265,435.5,449,21959,21959,21959,0,0,0,2426.243,2398.4875,2453.5125,508.001,508,508,21831.968,21831,21833,"observed",-64.16037,"observed",30013.75,6010.355,28812.11,"22773.18","37466.61"
20451,"New York","2020-04-27",9538.1475,9277.7875,9808,3022.7935,2995.5,3050.5,2705.157,2695.5,2715,509,509,509,1227.191,1142.5,1316.5125,426.091,419.5,432.5,22468,22468,22468,0,0,0,2304.7935,2277.5,2332.5,484.005,484,484,22315.973,22315,22317,"observed",-64.5835,"observed",22166.91,5606.282,27364.42,"21450.34","35881.16"
20452,"New York","2020-04-28",9190.7325,8922.5,9451.525,2916.4525,2889.4875,2944.5125,2612.929,2603.5,2623,473,473,473,1194.787,1105.4875,1289.525,414.6075,408,421.5,22941,22941,22941,0,0,0,2198.4525,2171.4875,2226.5125,463.998,464,464,22779.971,22779,22781,"observed",-64.86945,"observed",22088.18,5150.858,25857.42,"19720.52","34316.74"
20453,"New York","2020-04-29",8880.4355,8622.3,9148.6875,2818.1345,2791.4875,2845.0125,2527.87,2518.5,2537.5,573,573,573,1158.4335,1070.9875,1245.05,400.809,394.5,407.5,23514,23514,23514,0,0,0,2100.1345,2073.4875,2127.0125,447.003,447,447,23226.974,23226,23228,"observed",-64.96585,"observed",24455.35,4727.4,24280.41,"17681.09","32899.63"
20454,"New York","2020-04-30",8616.924,8348.9875,8882.5625,2735,2709.5,2761.5,2456.953,2448,2466,335,335,335,1146.926,1059,1240.0125,397.243,391,404,23849,23849,23849,0,0,0,2017,1991.5,2043.5,436,436,436,23662.974,23662,23664,"observed",-64.84309,"observed",26378.65,4372.322,22632.46,"15845.51","31538.84"
20455,"New York","2020-05-01",8409.263,8158.95,8664.5125,2665.7655,2640.4875,2693,2399.103,2390.5,2408.5,248,248,248,1155.8615,1066.9875,1247.5125,398.4895,392.5,405,24097,24097,24097,0,0,0,1947.7655,1922.4875,1975,420.001,420,420,24082.975,24082,24084,"observed",-64.49529,"observed",28379.21,4074.817,20796.99,"14149.13","29841.13"
20456,"New York","2020-05-02",8212.46,7967.35,8468.0375,2603.1405,2577.5,2630.5,2347.435,2339,2356.5,160,160,160,1123.7665,1035.9625,1216,388.0815,382.5,394.5,24257,24257,24257,0,0,0,1885.1405,1859.5,1912.5,404.996,405,405,24487.971,24487,24489,"observed",-63.93901,"observed",28818.86,3807.072,19267.73,"12708.12","28420.95"
20457,"New York","2020-05-03",8022.658,7749.45,8335.625,2543.645,2496.9875,2618.0125,2297.775,2257.5,2369.0125,519,519,519,1085.557,931.475,1308,374.843,336.4875,447,24776,24776,24776,0,0,0,1825.645,1778.9875,1900.0125,394.003,394,394,24881.974,24881,24883,"observed",-63.21071,"observed",29258.5,3556.45,18158.76,"11694.54","27206.06"
20458,"New York","2020-05-04",7792.417,7444,8275.8625,2468.6965,2381.9875,2618.5625,2231.33,2150,2377.0375,292,292,292,1000.0875,840.975,1258.5875,346.8295,303.9875,422.5,25068,25068,25068,0,0,0,1750.6965,1663.9875,1900.5625,381,381,381,25262.974,25262,25264,"observed",-62.35829,"projected",29698.14,3337.363,17918.94,"11291.47","27184.91"
20459,"New York","2020-05-05",7500.0595,7053.6875,8236.075,2376.493,2245.5,2602.05,2146.7965,2018,2371.0125,258,258,258,902.661,737.9625,1133.075,315.287,268.4875,391.5,25326,25326,25326,0,0,0,1658.493,1527.5,1884.05,377.999,378,378,25640.973,25640,25642,"projected",-61.81581,"projected",30137.79,3181.717,18448.96,"11462.55","28445.54"
20460,"New York","2020-05-06",7190.535,6608.9625,8138.25,2273.409,2090.5,2579.525,2050.9465,1874.5,2353.5375,674,674,674,858.532,699.975,1105.075,300.254,249.4875,381.025,26000,26000,26000,0,0,0,1555.409,1372.5,1861.525,380,380,380,26020.973,26020,26022,"projected",-61.47058,"projected",30577.43,3121.166,18331.79,"11170.47","28923.95"
20461,"New York","2020-05-07",6843.341,6128.925,8025.3125,2152.51,1921.975,2535.5875,1937.623,1711.5,2317.5625,221,221,221,813.0915,642.4875,1063.1625,283.398,231,364.5125,26221,26221,26221,0,0,0,1434.51,1203.975,1817.5875,370,370,370,26390.973,26390,26392,"projected",-61.25088,"projected",31017.08,3174.174,16438.02,"9719.913","26005.55"
20462,"New York","2020-05-08",6453.28,5589.4875,7897.6125,2025.9145,1745.975,2487.0125,1818.5445,1543.475,2275.5625,356.859,318,429,765.682,599.4875,1022,266.154,215,345.0125,26747.832,26709,26820,0,0,0,1307.9145,1027.975,1769.0125,,,,,,,"projected",-61.11106,"projected",31456.72,,14625.87,"8332.866","23656.26"
20463,"New York","2020-05-09",6051.077,5103.8625,7609.525,1897.0895,1602.475,2364.6125,1697.0845,1413.475,2160.075,328.936,287,404.025,717.318,556.475,944.025,249.8595,198.5,326.5125,27076.768,26995.975,27223.05,0,0,0,1179.0895,884.475,1646.6125,,,,,,,"projected",-61.02208,"projected",31896.37,,13917.75,"7752.979","22935.43"
20464,"New York","2020-05-10",5659.798,4681.3625,7204.6875,1782.284,1481.5,2259.6625,1589.5525,1300.975,2055.5125,297.692,251,374.025,674.683,516.4875,898.525,235.2255,185.5,308.5375,27374.46,27246.975,27596.1,0,0,0,1064.284,763.5,1541.6625,,,,,,,"projected",-60.96545,"projected",32336.01,,13259.31,"7207.345","22187.39"
20465,"New York","2020-05-11",5317.9495,4346.4375,6875.55,1684.8625,1384.5,2155.125,1499.7385,1212.475,1953.1125,283.243,235,361,635.73,484,853,220.875,173.9875,293.55,27657.703,27481.975,27956.075,0,0,0,966.8625,666.5,1437.125,,,,,,,"projected",-60.92942,"projected",32775.65,,12671.76,"6731.917","21593.87"
20466,"New York","2020-05-12",5016.7385,4055.45,6542.7375,1589.0795,1290.9875,2048.625,1411.4605,1128.9875,1854.6125,267.836,218,345.025,595.7085,451.9875,804.5625,207.269,159.9875,279.5125,27925.539,27701,28302.025,0,0,0,871.0795,572.9875,1330.625,,,,,,,"projected",-60.90648,"projected",33215.3,,11940.77,"6178.572","20731.7"
20467,"New York","2020-05-13",4719.1245,3767.4625,6235.6,1494.714,1200.5,1945.5375,1324.7755,1046.975,1757.525,252.112,203,327.025,553.989,402.5,776.5125,192.7145,145.4875,263.0125,28177.651,27905.95,28628.05,0,0,0,776.714,482.5,1227.5375,,,,,,,"projected",-60.89189,"projected",33654.94,,11065.68,"5547.407","19591.27"
20468,"New York","2020-05-14",4422.1285,3456.275,5885.6,1401.697,1109.5,1846.0375,1239.1645,965.475,1658.525,236.512,188,310.025,508.834,363.9875,715,177.5845,131,244.05,28414.163,28094.975,28938.3,0,0,0,683.697,391.5,1128.0375,,,,,,,"projected",-60.8826,"projected",34094.59,,10040.91,"4880.553","18251.63"
20469,"New York","2020-05-15",4138.916,3191.8875,5577.9125,1312.643,1018.975,1750.075,1157.7525,883.5,1565.625,222.593,175.975,294,475.586,331.45,678.0125,165.5395,118,231.5375,28636.756,28269.975,29247.25,0,0,0,594.643,300.975,1032.075,,,,,,,"projected",-60.87669,"projected",34534.23,,9200.839,"4309.065","17022.14"
20470,"New York","2020-05-16",3874.566,2932.7125,5277.7125,1227.965,930.4875,1656.65,1081.039,808.5,1477.1,208.987,163,278,447.746,300.975,654.0625,155.899,107.5,223.5125,28845.743,28432.975,29528.225,0,0,0,509.965,212.4875,938.65,,,,,,,"projected",-60.87293,"projected",34973.88,,8567.161,"3880.4","16182.88"
20471,"New York","2020-05-17",3628.171,2683.9625,5038.5875,1148.75,854.35,1571.6375,1010.448,736.475,1400.375,196.157,152,263,423.4645,276.9875,624.55,147.6655,99.9875,212.05,29041.9,28584.975,29789.125,0,0,0,430.75,136.35,853.6375,,,,,,,"projected",-60.87053,"projected",35413.52,,8219.176,"3628.41","15750.22"
20472,"New York","2020-05-18",3399.67,2467.35,4763.2,1074.8795,777.475,1497.6125,945.3775,669.5,1331.5125,182.253,137.975,248,402.895,259.9875,592.075,139.8815,93.9875,203.0375,29224.153,28723,30020.625,0,0,0,356.8795,59.475,779.6125,,,,,,,"projected",-60.86901,"projected",35853.16,,7977.57,"3442.224","15470.43"
20473,"New York","2020-05-19",3185.746,2253.9625,4507.45,1006.846,714.4625,1421.05,886.0265,614.9875,1263.6,167.591,123,232,376.7495,243.4625,564.025,131.2305,87.5,191,29391.744,28847,30251.75,0,0,0,288.846,0,703.05,,,,,,,"projected",-60.86804,"projected",36292.81,,7627.507,"3201.27","15009.13"
20474,"New York","2020-05-20",2987.242,2076.9375,4281.65,946.483,655,1350.1625,833.3955,569.9125,1202.55,156.327,110.975,219.05,350.074,222.4875,524.5,122.79,81,180.525,29548.071,28958.975,30470.25,0,0,0,228.483,0,632.1625,,,,,,,"projected",-60.86742,"projected",36732.45,,7192.155,"2941.654","14396.62"
20475,"New York","2020-05-21",2814.1375,1908.4625,4115.2375,892.62,607.4625,1283.225,786.2955,527.9125,1147.075,147.166,100,211.025,334.4015,205.9625,508.5375,116.506,73.9875,172.5125,29695.237,29060.95,30671.25,0,0,0,174.62,0,565.225,,,,,,,"projected",-60.86703,"projected",37172.1,,6573.949,"2602.258","13404.93"
20476,"New York","2020-05-22",2645.7075,1767.375,3896.3,839.797,563.5,1228.525,739.943,486.5,1096.5125,139.708,94,203.025,308.1855,180,484.525,107.6905,66.5,164,29834.945,29155.95,30880.175,0,0,0,121.797,0,510.525,,,,,,,"projected",-60.86678,"projected",37611.74,,6026.505,"2305.647","12582.9"
20477,"New York","2020-05-23",2481.513,1634.7625,3708.5375,787.329,521.475,1162.5125,693.7405,449.475,1040.625,132.477,88,191.05,286.117,169.975,458.5,99.8725,61.5,155.0125,29967.422,29243.95,31069.05,0,0,0,69.329,0,444.5125,,,,,,,"projected",-60.86662,"projected",38051.38,,5487.747,"2035.684","11732.94"
20478,"New York","2020-05-24",2322.018,1503.925,3549.075,736.301,477.9875,1105.525,648.485,415.4875,990.525,124.243,83,180,265.6505,151.9875,422.0375,93.337,56.4875,146.55,30091.665,29330.925,31254.025,0,0,0,18.301,0,387.525,,,,,,,"projected",-60.86652,"projected",38491.03,,4958.121,"1771.838","10857.64"
20479,"New York","2020-05-25",2166.6645,1385.9625,3372.8875,687.3095,436.9875,1046.1125,605.005,377.5,936.5375,116.14,77,171,247.0575,139.9875,403.0375,86.3635,51,136.5,30207.805,29407,31429.025,0,0,0,0,0,328.1125,,,,,,,"projected",-60.86646,"projected",38930.67,,4461.295,"1529.128","10026.11"
20480,"New York","2020-05-26",2022.8405,1254.9125,3172.2875,641.709,397.5,991.0125,564.674,342.4625,887.5375,110.214,69,165,232.2625,127.9875,371.0125,81.001,46.5,129,30318.019,29476.925,31592.125,0,0,0,0,0,273.0125,,,,,,,"projected",-60.86642,"projected",39370.32,,4073.678,"1347.745","9383.469"
20481,"New York","2020-05-27",1881.144,1148.4875,2980.45,594.665,361.4625,927.5,522.7235,312.475,826.5625,101.783,63,156,209.6675,110,356.0125,73.1635,41.4875,118.0375,30419.802,29540.875,31743.125,0,0,0,0,0,209.5,,,,,,,"projected",-60.86639,"projected",39809.96,,3844.545,"1235.389","8992.706"
20482,"New York","2020-05-28",1738.9575,1041.4625,2803.85,550.991,327.975,869.5125,483.6785,283.4875,770.125,94.456,57,147,190.431,98.45,335.5125,67.3215,36.5,113.5,30514.258,29594.975,31875.475,0,0,0,0,0,151.5125,,,,,,,"projected",-60.86637,"projected",40249.61,,3515.844,"1086.597","8337.901"
20483,"New York","2020-05-29",1610.5205,945.9375,2577.2125,510.251,298,818.55,447.398,255.9875,724,88.096,53,139,178.73,88.475,304.0125,62.449,33,106.0125,30602.354,29647.95,32014.275,0,0,0,0,0,100.55,,,,,,,"projected",-60.86636,"projected",40689.25,,3193.844,"947.5618","7676.904"
20484,"New York","2020-05-30",1496.541,850.475,2437.575,474.029,269.5,773,415.3125,230.475,686.575,81.56,48,129,171.882,81,294.5625,59.8315,30,100.5125,30683.914,29696.925,32146.1,0,0,0,0,0,55,,,,,,,"projected",-60.86636,"projected",41128.89,,2958.982,"847.3466","7203.167"
20485,"New York","2020-05-31",1395.02,765.4625,2337.4875,441.5685,243.9875,740.05,386.7685,207.4875,654.5375,76.644,43,120,163.4535,75,292.0125,56.504,27.5,97.0125,30760.558,29739.925,32266.025,0,0,0,0,0,22.05,,,,,,,"projected",-60.86635,"projected",41568.54,,2728.143,"758.5518","6723.007"
20486,"New York","2020-06-01",1299.727,697.95,2220.575,410.88,220.9875,697.5875,359.7445,186.9875,617.0375,69.03,39,112.025,152.1735,70,279.0125,52.943,25.5,92.5,30829.588,29781.9,32376.025,0,0,0,0,0,0,,,,,,,"projected",-60.86635,"projected",42008.18,,2537.066,"680.2471","6325.958"
20487,"New York","2020-06-02",1207.215,633.4375,2067.6875,383.361,199,662.5,335.6505,169.4875,586.5375,63.434,34,105.025,137.2405,61.4875,252.5,48.161,23,86,30893.022,29815.9,32477.075,0,0,0,0,0,0,,,,,,,"projected",-60.86635,"projected",42447.83,,2377.366,"613.4061","6001.568"
20488,"New York","2020-06-03",1128.5235,575.3375,1991.6625,359.0765,182,628.025,314.5975,154.975,556.05,58.82,31,101,130.144,53.9875,239.0125,45.4415,21,81.0125,30951.842,29846.875,32570.225,0,0,0,0,0,0,,,,,,,"projected",-60.86635,"projected",42887.47,,2167.983,"537.7609","5575.715"
20489,"New York","2020-06-04",1053.29,517.475,1879.6625,334.769,166.9875,593.5,293.2635,141.4875,524.5125,56.638,28,97,115.101,46.4875,222.5,40.42,18.5,75.5,31008.48,29874.925,32675.725,0,0,0,0,0,0,,,,,,,"projected",-60.86635,"projected",43327.12,,1935.409,"460.2662","5099.583"
20490,"New York","2020-06-05",975.8325,462.9875,1770.925,309.0605,150.475,552.0625,270.394,128,490.0125,53.617,26,93,103.292,42,195.0125,36.346,16.4875,68.5,31062.097,29900,32767.775,0,0,0,0,0,0,,,,,,,"projected",-60.86635,"projected",43766.76,,1767.032,"403.3239","4747.847"
20491,"New York","2020-06-06",898.9625,418.9375,1646.0875,283.8075,134.9875,512.5125,247.9165,115,452,50.157,24,88,95.942,35.4625,188,33.605,14,63.5125,31112.254,29924.95,32855.8,0,0,0,0,0,0,,,,,,,"projected",-60.86635,"projected",44206.4,,1629.755,"358.4035","4455.464"
20492,"New York","2020-06-07",823.159,372.5,1528.7,259.5325,120,479.0125,226.214,101.4875,422.0125,45.462,22,81,87.9555,31.5,178,30.6855,12,58.5,31157.716,29946.925,32936.85,0,0,0,0,0,0,,,,,,,"projected",-60.86635,"projected",44646.05,,1470.679,"313.4622","4112.133"
20493,"New York","2020-06-08",749.672,328.475,1411,236.698,105.4875,443.0125,205.7805,89.9875,391.5,42.915,19.975,76,77.444,27.5,165.0125,26.9845,11,53.5,31200.631,29965.925,33010.9,0,0,0,0,0,0,,,,,,,"projected",-60.86635,"projected",45085.69,,1331.487,"270.9945","3826.189"
20494,"New York","2020-06-09",681.7795,290.9875,1318.075,214.218,94.9875,405.525,185.5655,78.9875,355.6,37.965,17,71,70.0605,24,145.1125,24.5685,9.5,50.0125,31238.596,29982.925,33078.95,0,0,0,0,0,0,,,,,,,"projected",-60.86634,"projected",45525.34,,1222.031,"235.664","3596.21"
20495,"New York","2020-06-10",617.513,254.9875,1212.55,194.8325,82.4875,375.5375,168.3145,68.9875,329.0125,34.189,15,65,64.1415,20.9875,142.0125,22.467,8,47.0125,31272.785,29997.95,33141,0,0,0,0,0,0,,,,,,,"projected",-60.86634,"projected",45964.98,,1113.244,"205.7675","3316.55"
20496,"New York","2020-06-11",573.2115,226.975,1143.1125,181.294,72.9875,351.0125,156.841,60.5,308.0125,31.578,13,60,70.0305,18.4875,133.525,24.2795,7,44,31304.363,30011,33238.575,0,0,0,0,0,0,,,,,,,"projected",-60.86634,"projected",46404.63,,1020.378,"180.9085","3069.285"
20497,"New York","2020-06-12",525.972,199,1057.3,166.1005,64,329,143.459,53.4875,285.0375,28.889,12,55,56.194,16.5,118.0375,19.578,6.5,40.5,31333.252,30023.95,33292.425,0,0,0,0,0,0,,,,,,,"projected",-60.86634,"projected",46844.27,,937.2729,"158.3724","2864.004"
20498,"New York","2020-06-13",480.941,179.9875,970.0875,152.1635,57.4875,304.0125,131.1515,46.9875,263.55,25.38,10,51,50.85,13.4875,108.025,17.839,5.9875,37.5,31358.632,30034.925,33342.125,0,0,0,0,0,0,,,,,,,"projected",-60.86634,"projected",47283.91,,856.3092,"138.1922","2670.481"
20499,"New York","2020-06-14",439.817,158.5,903.05,139.954,50.5,283.025,120.417,41.5,246.525,23.063,9,47,45.809,11.5,105.05,15.9565,5,35,31381.695,30044.9,33381.2,0,0,0,0,0,0,,,,,,,"projected",-60.86634,"projected",47723.56,,786.0976,"121.4066","2499.98"
20500,"New York","2020-06-15",403.526,143.9125,832.0625,128.6155,45.4875,264.525,110.6235,36.5,230,21.066,8,43.025,41.2345,10.5,98.025,14.4235,4.5,32.5,31402.761,30053.875,33412.5,0,0,0,0,0,0,,,,,,,"projected",-60.86634,"projected",48163.2,,716.4357,"105.7825","2324.898"
20501,"New York","2020-06-16",370.4205,126,785.7875,118.1325,40,246.5125,101.6285,32.5,213.05,23.049,7,41,37.0615,9,89.0375,13.1095,4,30.0125,31425.81,30061.85,33467.125,0,0,0,0,0,0,,,,,,,"projected",-60.86634,"projected",48602.85,,643.3847,"90.56072","2133.796"
20502,"New York","2020-06-17",336.627,110.9875,725.05,104.532,35,228.525,89.531,28.5,196.525,18.488,6,38,34.218,7.5,86.0375,11.9035,3,28.5,31444.298,30068.825,33499.25,0,0,0,0,0,0,,,,,,,"projected",-60.86634,"projected",49042.49,,588.8484,"79.30149","1992.472"
20503,"New York","2020-06-18",303.7695,97.975,677.1375,95.9215,30.4875,210.05,82.2435,25,182.025,16.839,5,35,34.3155,6,80.5,12.0345,3,25.5,31461.137,30074.8,33529.375,0,0,0,0,0,0,,,,,,,"projected",-60.86634,"projected",49482.13,,538.9035,"69.2051","1860.061"
20504,"New York","2020-06-19",275.0265,85,620.7,86.701,27,194.0375,74.282,22,168.5125,14.874,5,33,27.6145,5,73.5125,9.6455,2,23,31476.011,30080.775,33556.525,0,0,0,0,0,0,,,,,,,"projected",-60.86634,"projected",49921.78,,490.0071,"59.96466","1726.595"
20505,"New York","2020-06-20",250.4045,70.4875,578.65,79.093,23.975,179.5625,67.7725,18.9875,155.1125,13.537,4,31,25.98,4,69.5125,9.0625,2,22.5,31489.548,30085.75,33582.625,0,0,0,0,0,0,,,,,,,"projected",-60.86634,"projected",50361.42,,444.1813,"51.77405","1597.699"
20506,"New York","2020-06-21",226.6765,62.475,536.55,71.9545,20.5,167.5,61.52,16.5,143.6125,12.3,4,28,22.4725,3.5,60.0624999999999,8.003,2,20.0125,31501.848,30085.825,33606.725,0,0,0,0,0,0,,,,,,,"projected",-60.86634,"projected",50801.07,,401.1109,"44.48084","1473.264"
20507,"New York","2020-06-22",205.557,55.5,494.6,65.3395,17.9875,154.525,55.798,14.5,131.625,11.177,3,26,20.4035,3,54,7.1905,2,19,31513.025,30085.9,33628.8,0,0,0,0,0,0,,,,,,,"projected",-60.86634,"projected",51240.71,,368.5202,"38.82947","1379.536"
20508,"New York","2020-06-23",186.4725,44.4875,451.5,59.2475,15.5,143.5125,50.6115,12.5,122.0875,11.403,3,24,18.3075,2.5,50.5125,6.486,1,17.5,31524.428,30085.975,33684.05,0,0,0,0,0,0,,,,,,,"projected",-60.86634,"projected",51680.36,,341.5705,"34.10168","1301.875"
20509,"New York","2020-06-24",167.641,40.5,420,52.5115,13.5,132.5375,44.6565,10.4875,113,9.072,2,22,16.8915,2,49,5.8975,1,15.5,31533.5,30086.975,33705.025,0,0,0,0,0,0,,,,,,,"projected",-60.86634,"projected",52120,,313.2131,"29.50109","1216.646"
20510,"New York","2020-06-25",149.9725,34.9875,384.5375,47.692,11.5,121.0625,40.5195,9.4875,105,8.545,2,21,15.3545,2,44.5,5.3425,1,14.5,31542.045,30088.975,33725,0,0,0,0,0,0,,,,,,,"projected",-60.86634,"projected",52559.64,,285.2458,"25.44439","1121.556"
20511,"New York","2020-06-26",137.887,30.9875,359.6125,43.592,10,113.5125,37.0535,8,97,7.437,2,19,16.048,1,45.525,5.445,1,13.5,31549.482,30090.975,33742.975,0,0,0,0,0,0,,,,,,,"projected",-60.86634,"projected",52999.29,,258.6215,"21.81841","1019.136"
20512,"New York","2020-06-27",124.706,25,337.5,39.523,8.9875,106,33.6755,7,90,6.731,2,18,12.712,1,39,4.4505,1,12.5,31556.213,30092,33759.95,0,0,0,0,0,0,,,,,,,"projected",-60.86634,"projected",53438.93,,232.7497,"18.5491","931.8576"
20513,"New York","2020-06-28",113.5585,21.9875,298.575,35.9415,7.5,97.0125,30.632,6,83.5,6.106,1,16,11.519,1,37.525,4.036,1,11.5,31562.319,30093.975,33774.925,0,0,0,0,0,0,,,,,,,"projected",-60.86634,"projected",53878.58,,211.8323,"16.11365","865.1334"
20514,"New York","2020-06-29",103.424,19,280.55,32.689,7,89.525,27.8675,6,77.0125,5.567,1,15,10.4375,1,34.5,3.663,1,11.0125,31567.886,30095,33788.9,0,0,0,0,0,0,,,,,,,"projected",-60.86634,"projected",54318.22,,195.3638,"13.98413","815.3981"
20515,"New York","2020-06-30",94.279,16.5,264.0375,29.714,6.5,83.5,25.3385,5.5,71.5125,5.046,1,14,9.3615,0,31,3.3185,0.487500000000001,10,31572.932,30096.975,33801.875,0,0,0,0,0,0,,,,,,,"projected",-60.86634,"projected",54757.87,,178.8304,"12.14805","762.1263"
20516,"New York","2020-07-01",85.494,14.9875,244.0375,27.0045,5.5,77.5125,23.003,4.5,66.0125,5.183,1,13,8.3915,0,30.0125,2.968,0,9.5,31578.115,30097.975,33847.925,0,0,0,0,0,0,,,,,,,"projected",-60.86634,"projected",55197.51,,162.0635,"10.36357","705.5887"
20517,"New York","2020-07-02",77.135,12,230.55,23.9275,4.5,71.0375,20.2785,3.5,61,4.174,1,12,7.75,0,28,2.6795,0,8.5,31582.289,30098.975,33857.95,0,0,0,0,0,0,,,,,,,"projected",-60.86634,"projected",55637.15,,147.0494,"8.873259","653.7708"
20518,"New York","2020-07-03",68.4525,10,215.0125,21.6625,3.4875,67.025,18.333,2.5,55.5375,3.767,1,11,6.917,0,24.5125,2.4265,0,8,31586.056,30099.975,33866.975,0,0,0,0,0,0,,,,,,,"projected",-60.86634,"projected",56076.8,,133.6955,"7.616609","606.8173"
20519,"New York","2020-07-04",61.695,7,194.5125,19.5095,2,60.0375,16.558,1.5,51.05,3.414,1,10,6.0575,0,22.5,2.18,0,7,31589.47,30100.975,33875,0,0,0,0,0,0,,,,,,,"projected",-60.86634,"projected",56516.44,,121.2945,"6.513851","561.9793"
20520,"New York","2020-07-05",55.954,4.5,183.0875,17.6415,1.4875,56.025,14.9885,0.5,46.5749999999999,3.102,0,9,5.8615,0,23.5,2.0055,0,6.5,31592.572,30101.975,33883.025,0,0,0,0,0,0,,,,,,,"projected",-60.86634,"projected",56956.09,,110.2211,"5.561542","521.1455"
20521,"New York","2020-07-06",50.5165,1.5,167.575,15.9525,0.5,52.0125,13.537,0,43.5375,2.773,0,9,5.095,0,20,1.793,0,6,31595.345,30102.975,33890.05,0,0,0,0,0,0,,,,,,,"projected",-60.86634,"projected",57395.73,,101.0829,"4.722542","485.5803"
20522,"New York","2020-07-07",45.973,0.5,153.0625,14.491,0,47.5125,12.287,0,40.05,2.513,0,8,4.859,0,20,1.642,0,6,31597.858,30103.95,33896.075,0,0,0,0,0,0,,,,,,,"projected",-60.86634,"projected",57835.38,,93.14207,"4.095357","456.4672"
20523,"New York","2020-07-08",41.5895,0.5,141.0375,13.156,0,43.05,11.128,0,36.5624999999999,2.279,0,7,4.193,0,18.0125,1.4745,0,5.5,31600.137,30104.925,33902.1,0,0,0,0,0,0,,,,,,,"projected",-60.86634,"projected",58275.02,,84.64071,"3.510878","424.4343"
20524,"New York","2020-07-09",37.556,0.5,125.1375,11.937,0,40.0375,10.074,0,34.5375,2.059,0,7,3.8205,0,17,1.322,0,5,31602.196,30104.925,33907.125,0,0,0,0,0,0,,,,,,,"projected",-60.86634,"projected",58714.66,,75.9892,"2.971676","388.3886"
20525,"New York","2020-07-10",33.8745,0,116.1125,10.789,0,37.525,9.1155,0,32.025,1.884,0,6,3.2925,0,14.0125,1.1875,0,4.5,31604.08,30104.925,33912.15,0,0,0,0,0,0,,,,,,,"projected",-60.86634,"projected",59154.31,,68.56778,"2.500982","357.5455"
20526,"New York","2020-07-11",30.69,0,109.0125,9.691,0,35.025,8.195,0,30.0125,1.69,0,6,2.9315,0,13.5125,1.055,0,4.5,31605.77,30104.925,33916.175,0,0,0,0,0,0,,,,,,,"projected",-60.86634,"projected",59593.95,,62.06972,"2.108331","329.1835"
20527,"New York","2020-07-12",27.582,0,102.5125,8.7045,0,32.025,7.374,0,28.025,1.545,0,5.02499999999998,2.7615,0,14.0125,0.9525,0,4,31607.315,30104.925,33920.2,0,0,0,0,0,0,,,,,,,"projected",-60.86634,"projected",60033.6,,56.35628,"1.782222","303.7609"
20528,"New York","2020-07-13",24.98,0,94,7.7975,0,29.5,6.6135,0,25.5125,1.38,0,5,2.536,0,13,0.8545,0,3.51249999999999,31608.695,30104.925,33924.2,0,0,0,0,0,0,,,,,,,"projected",-60.86634,"projected",60473.24,,51.56114,"1.523693","280.6279"
20529,"New York","2020-07-14",22.2805,0,84.525,6.988,0,27,5.929,0,23.5,1.248,0,5,2.1975,0,11.5,0.7655,0,3.5,31609.943,30104.925,33927.225,0,0,0,0,0,0,,,,,,,"projected",-60.86634,"projected",60912.88,,47.43943,"1.331187","261.3274"
20530,"New York","2020-07-15",19.867,0,79,6.2345,0,25.0125,5.292,0,21.5,1.114,0,4,1.8505,0,10.5,0.661,0,3,31611.057,30104.925,33930.25,0,0,0,0,0,0,,,,,,,"projected",-60.86634,"projected",61352.53,,43.73416,"1.127838","244.6001"
20531,"New York","2020-07-16",23.543,0,74.0375,7.4695,0,24,6.6225,0,20.5,0.989,0,4,7.553,0,11.5,2.4965,0,3,31612.046,30104.925,33933.25,0,0,0,0,0,0,,,,,,,"projected",-60.86634,"projected",61792.17,,40.17034,"0.9669521","226.7973"
20532,"New York","2020-07-17",21.652,0,68.55,6.863,0,22,6.0965,0,18.5,0.894,0,4,1.4405,0,10,0.5035,0,2.5,31612.94,30104.925,33935.275,0,0,0,0,0,0,,,,,,,"projected",-60.86634,"projected",62231.82,,36.51088,"0.8175741","208.4947"
20533,"New York","2020-07-18",19.87,0,64.0749999999999,6.2935,0,20,5.604,0,16.5,0.802,0,3,1.2,0,9.5,0.446,0,2.5,31613.742,30104.925,33937.3,0,0,0,0,0,0,,,,,,,"projected",-60.86634,"projected",62671.46,,32.83315,"0.6816233","189.9541"
20534,"New York","2020-07-19",18.198,0,62.5125,5.8645,0,18.5125,5.1695,0,15.5,0.716,0,3,1.132,0,9.5,0.476,0,2,31614.458,30104.925,33939.325,0,0,0,0,0,0,,,,,,,"projected",-60.86634,"projected",63111.11,,29.58232,"0.5690723","173.2265"
20535,"New York","2020-07-20",16.623,0,54.5125,5.3925,0,17.0125,4.7595,0,14.5,0.629,0,3,0.984,0,9.5,0.341,0,2,31615.087,30104.925,33941.325,0,0,0,0,0,0,,,,,,,"projected",-60.86634,"projected",63550.75,,27.34538,"0.4899609","162.6354"
20536,"New York","2020-07-21",15.315,0,47.0375,4.969,0,15.5,4.401,0,13.5,2.458,0,3,0.891,0,9.5,0.3,0,2,31617.545,30104.925,33943.325,0,0,0,0,0,0,,,,,,,"projected",-60.86634,"projected",63990.39,,25.53874,"0.4270627","154.5846"
20537,"New York","2020-07-22",12.2385,0,43.0375,2.6975,0,14.5,2.1775,0,12.5,0.471,0,2,0.6955,0,5.51249999999999,0.2605,0,2,31618.016,30104.925,33944.35,0,0,0,0,0,0,,,,,,,"projected",-60.86634,"projected",64430.04,,23.49818,"0.3649938","144.5905"
20538,"New York","2020-07-23",7.369,0,43.5125,2.3815,0,13.5125,1.9095,0,11.5125,0.417,0,2,0.6885,0,7.52499999999998,0.2285,0,2,31618.433,30104.925,33945.375,0,0,0,0,0,0,,,,,,,"projected",-60.86634,"projected",64869.68,,21.576,"0.3110585","134.3783"
20539,"New York","2020-07-24",6.4945,0,42.5125,2.0985,0,12.5,1.669,0,11,0.365,0,2,0.587,0,5,0.2,0,1.5,31618.798,30104.925,33946.4,0,0,0,0,0,0,,,,,,,"projected",-60.86634,"projected",65309.33,,19.73183,"0.2657275","124.3537"
20540,"New York","2020-07-25",5.7745,0,39.5375,1.849,0,11.5,1.462,0,10,0.319,0,2,0.5025,0,5,0.174,0,1.5,31619.117,30104.925,33947.425,0,0,0,0,0,0,,,,,,,"projected",-60.86634,"projected",65748.97,,17.8411,"0.2236961","113.7877"
20541,"New York","2020-07-26",5.057,0,36.0125,1.6245,0,10,1.2755,0,9,0.28,0,2,0.425,0,4,0.147,0,1,31619.397,30104.925,33948.425,0,0,0,0,0,0,,,,,,,"projected",-60.86634,"projected",66188.62,,16.20674,"0.1892243","104.5469"
20542,"New York","2020-07-27",4.3805,0,34,1.419,0,8.52499999999998,1.1075,0,8,0.243,0,2,0.3265,0,4,0.124,0,1,31619.64,30104.925,33949.425,0,0,0,0,0,0,,,,,,,"projected",-60.86634,"projected",66628.26,,14.93587,"0.1628122","97.67505"
20543,"New York","2020-07-28",3.4755,0,28.0125,1.1505,0,7.01249999999999,0.861,0,6,0.213,0,1.02499999999998,0,0,0,0.0065,0,0,31619.853,30104.925,33950.425,0,0,0,0,0,0,,,,,,,"projected",-60.86634,"projected",67067.9,,13.91058,"0.141825","92.09545"
20544,"New York","2020-07-29",2.7625,0,23,0.9075,0,5.51249999999999,0.6425,0,4.5,0.185,0,1,0,0,0,0.0085,0,0,31620.038,30104.925,33951.425,0,0,0,0,0,0,,,,,,,"projected",-60.86634,"projected",67507.55,,12.96841,"0.123614","87.15769"
20545,"New York","2020-07-30",2.0575,0,18.5,0.696,0,4.5,0.4545,0,3.5,0.163,0,1,0,0,0,0.006,0,0,31620.201,30104.925,33952.425,0,0,0,0,0,0,,,,,,,"projected",-60.86634,"projected",67947.19,,11.95369,"0.1061763","81.70202"
20546,"New York","2020-07-31",1.449,0,14,0.504,0,3.5,0.2875,0,2.5,0.139,0,1,0,0,0,0,0,0,31620.34,30104.925,33953.425,0,0,0,0,0,0,,,,,,,"projected",-60.86634,"projected",68386.84,,10.89884,"0.08850666","74.94293"
20547,"New York","2020-08-01",0.945,0,9,0.254,0,2,0.1325,0,1,0.118,0,1,0,0,0,0,0,0,31620.458,30104.925,33954.425,0,0,0,0,0,0,,,,,,,"projected",-60.86634,"projected",68826.48,,10.04716,"0.0744754","69.30843"
20548,"New York","2020-08-02",0.511,0,4,0.114,0,1,0.012,0,0,0,0,0,0,0,0,0,0,0,31620.458,30104.925,33954.425,0,0,0,0,0,0,,,,,,,"projected",-60.86634,,,,,,
20549,"New York","2020-08-03",0.276,0,1.5,0.094,0,1,0.0095,0,0,0,0,0,0,0,0,0,0,0,31620.458,30104.925,33954.425,0,0,0,0,0,0,,,,,,,"projected",-60.86634,,,,,,
20550,"New York","2020-08-04",0.247,0,1.5,0.0765,0,1,0.0075,0,0,0,0,0,0,0,0,0,0,0,31620.458,30104.925,33954.425,0,0,0,0,0,0,,,,,,,"projected",-60.86634,,,,,,
20551,"New York","2020-08-05",0.136,0,1,0.061,0,0.5,0.005,0,0,0,0,0,0,0,0,0,0,0,31620.458,30104.925,33954.425,0,0,0,0,0,0,,,,,,,,,,,,,,
20552,"New York","2020-08-06",0.114,0,1,0.046,0,0.5,0.0035,0,0,0,0,0,0,0,0,0,0,0,31620.458,30104.925,33954.425,0,0,0,0,0,0,,,,,,,,,,,,,,
20553,"New York","2020-08-07",0.094,0,1,0.035,0,0.5,0.0015,0,0,0,0,0,0,0,0,0,0,0,31620.458,30104.925,33954.425,0,0,0,0,0,0,,,,,,,,,,,,,,
20554,"New York","2020-08-08",0.0765,0,1,0.027,0,0.5,0.001,0,0,0,0,0,0,0,0,0,0,0,31620.458,30104.925,33954.425,0,0,0,0,0,0,,,,,,,,,,,,,,
20555,"New York","2020-08-09",0.061,0,0.5,0.021,0,0.5,0,0,0,0,0,0,0,0,0,0,0,0,31620.458,30104.925,33954.425,0,0,0,0,0,0,,,,,,,,,,,,,,
20556,"New York","2020-08-10",0.046,0,0.5,0.0145,0,0,0,0,0,0,0,0,0,0,0,0,0,0,31620.458,30104.925,33954.425,0,0,0,0,0,0,,,,,,,,,,,,,,
20557,"New York","2020-08-11",0.035,0,0.5,0.006,0,0,0,0,0,0,0,0,0,0,0,0,0,0,31620.458,30104.925,33954.425,0,0,0,0,0,0,,,,,,,,,,,,,,
20558,"New York","2020-08-12",0.027,0,0.5,0,0,0,0,0,0,0,0,0,0,0,0,0,0,0,31620.458,30104.925,33954.425,0,0,0,0,0,0,,,,,,,,,,,,,,
20559,"New York","2020-08-13",0.021,0,0.5,0,0,0,0,0,0,0,0,0,0,0,0,0,0,0,31620.458,30104.925,33954.425,0,0,0,0,0,0,,,,,,,,,,,,,,
20560,"New York","2020-08-14",0.0145,0,0,0,0,0,0,0,0,0,0,0,0,0,0,0,0,0,31620.458,30104.925,33954.425,0,0,0,0,0,0,,,,,,,,,,,,,,
20561,"New York","2020-08-15",0.006,0,0,0,0,0,0,0,0,0,0,0,0,0,0,0,0,0,31620.458,30104.925,33954.425,0,0,0,0,0,0,,,,,,,,,,,,,,
20562,"New York","2020-08-16",0,0,0,0,0,0,0,0,0,0,0,0,0,0,0,0,0,0,31620.458,30104.925,33954.425,0,0,0,0,0,0,,,,,,,,,,,,,,
20563,"New York","2020-08-17",0,0,0,0,0,0,0,0,0,0,0,0,0,0,0,0,0,0,31620.458,30104.925,33954.425,0,0,0,0,0,0,,,,,,,,,,,,,,
20564,"New York","2020-08-18",0,0,0,0,0,0,0,0,0,0,0,0,0,0,0,0,0,0,31620.458,30104.925,33954.425,0,0,0,0,0,0,,,,,,,,,,,,,,
20565,"New York","2020-08-19",0,0,0,0,0,0,0,0,0,0,0,0,0,0,0,0,0,0,31620.458,30104.925,33954.425,0,0,0,0,0,0,,,,,,,,,,,,,,
20566,"New York","2020-08-20",0,0,0,0,0,0,0,0,0,0,0,0,0,0,0,0,0,0,31620.458,30104.925,33954.425,0,0,0,0,0,0,,,,,,,,,,,,,,
20567,"New York","2020-08-21",0,0,0,0,0,0,0,0,0,0,0,0,0,0,0,0,0,0,31620.458,30104.925,33954.425,0,0,0,0,0,0,,,,,,,,,,,,,,
